{
    "Healthcare Representative": 14400.198473282442,
    "Human Resources": 13292.403846153846,
    "Laboratory Technician": 14066.061776061775,
    "Manager": 15139.578431372549,
    "Manufacturing Director": 14478.965517241379,
    "Research Director": 15080.55,
    "Research Scientist": 13927.11301369863,
    "Sales Executive": 14471.110429447852,
    "Sales Representative": 14278.204819277109
}